"Treatment","Group","Compartment","Time"
"RD30S0N01","LS0N0","nostraw","RS","Day30"
"RD30S0N02","LS0N0","nostraw","RS","Day30"
"RD30S0N03","LS0N0","nostraw","RS","Day30"
"RD30S0N04","LS0N0","nostraw","RS","Day30"
"RD30S0N11","LS0N1","nostraw","RS","Day30"
"RD30S0N12","LS0N1","nostraw","RS","Day30"
"RD30S0N13","LS0N1","nostraw","RS","Day30"
"RD30S0N14","LS0N1","nostraw","RS","Day30"
"RD30S1N01","LS1N0","straw","RS","Day30"
"RD30S1N02","LS1N0","straw","RS","Day30"
"RD30S1N03","LS1N0","straw","RS","Day30"
"RD30S1N04","LS1N0","straw","RS","Day30"
"RD30S1N11","LS1N1","straw","RS","Day30"
"RD30S1N12","LS1N1","straw","RS","Day30"
"RD30S1N13","LS1N1","straw","RS","Day30"
"RD30S1N14","LS1N1","straw","RS","Day30"
"RD60S0N01","LS0N0","nostraw","RS","Day60"
"RD60S0N02","LS0N0","nostraw","RS","Day60"
"RD60S0N03","LS0N0","nostraw","RS","Day60"
"RD60S0N04","LS0N0","nostraw","RS","Day60"
"RD60S0N11","LS0N1","nostraw","RS","Day60"
"RD60S0N12","LS0N1","nostraw","RS","Day60"
"RD60S0N13","LS0N1","nostraw","RS","Day60"
"RD60S0N14","LS0N1","nostraw","RS","Day60"
"RD60S1N01","LS1N0","straw","RS","Day60"
"RD60S1N02","LS1N0","straw","RS","Day60"
"RD60S1N03","LS1N0","straw","RS","Day60"
"RD60S1N04","LS1N0","straw","RS","Day60"
"RD60S1N11","LS1N1","straw","RS","Day60"
"RD60S1N12","LS1N1","straw","RS","Day60"
"RD60S1N13","LS1N1","straw","RS","Day60"
"RD60S1N14","LS1N1","straw","RS","Day60"
