"Treatment","Group","Compartment","Time"
"RD7S0N01","ES0N0","nostraw","RS","Day7"
"RD7S0N02","ES0N0","nostraw","RS","Day7"
"RD7S0N03","ES0N0","nostraw","RS","Day7"
"RD7S0N04","ES0N0","nostraw","RS","Day7"
"RD7S0N11","ES0N1","nostraw","RS","Day7"
"RD7S0N12","ES0N1","nostraw","RS","Day7"
"RD7S0N13","ES0N1","nostraw","RS","Day7"
"RD7S0N14","ES0N1","nostraw","RS","Day7"
"RD7S1N01","ES1N0","straw","RS","Day7"
"RD7S1N02","ES1N0","straw","RS","Day7"
"RD7S1N03","ES1N0","straw","RS","Day7"
"RD7S1N04","ES1N0","straw","RS","Day7"
"RD7S1N11","ES1N1","straw","RS","Day7"
"RD7S1N12","ES1N1","straw","RS","Day7"
"RD7S1N13","ES1N1","straw","RS","Day7"
"RD7S1N14","ES1N1","straw","RS","Day7"
"RD14S0N01","ES0N0","nostraw","RS","Day14"
"RD14S0N02","ES0N0","nostraw","RS","Day14"
"RD14S0N03","ES0N0","nostraw","RS","Day14"
"RD14S0N04","ES0N0","nostraw","RS","Day14"
"RD14S0N11","ES0N1","nostraw","RS","Day14"
"RD14S0N12","ES0N1","nostraw","RS","Day14"
"RD14S0N13","ES0N1","nostraw","RS","Day14"
"RD14S0N14","ES0N1","nostraw","RS","Day14"
"RD14S1N01","ES1N0","straw","RS","Day14"
"RD14S1N02","ES1N0","straw","RS","Day14"
"RD14S1N03","ES1N0","straw","RS","Day14"
"RD14S1N04","ES1N0","straw","RS","Day14"
"RD14S1N11","ES1N1","straw","RS","Day14"
"RD14S1N12","ES1N1","straw","RS","Day14"
"RD14S1N13","ES1N1","straw","RS","Day14"
"RD14S1N14","ES1N1","straw","RS","Day14"
