SampleID,BarcodeSequence,Compartment,Treatment,Treatment1,time,Description
RD7S0N01,AACCGGAT,RS,RS S0N0,S0N0,Day7,R_Day7_S0N0_1
RD7S0N02,AACTACGG,RS,RS S0N0,S0N0,Day7,R_Day7_S0N0_2
RD7S0N03,AAGACGCG,RS,RS S0N0,S0N0,Day7,R_Day7_S0N0_3
RD7S0N04,AAGGTAGC,RS,RS S0N0,S0N0,Day7,R_Day7_S0N0_4
RD7S0N11,AATAATAC,RS,RS S0N1,S0N1,Day7,R_Day7_S0N1_1
RD7S0N12,AATCTCCA,RS,RS S0N1,S0N1,Day7,R_Day7_S0N1_2
RD7S0N13,AATTCATT,RS,RS S0N1,S0N1,Day7,R_Day7_S0N1_3
RD7S0N14,ACGCAATG,RS,RS S0N1,S0N1,Day7,R_Day7_S0N1_4
RD7S1N01,ACTGCCAG,RS,RS S1N0,S1N0,Day7,R_Day7_S1N0_1
RD7S1N02,ACTTGGCC,RS,RS S1N0,S1N0,Day7,R_Day7_S1N0_2
RD7S1N03,AGCGAGTC,RS,RS S1N0,S1N0,Day7,R_Day7_S1N0_3
RD7S1N04,AGGATCAT,RS,RS S1N0,S1N0,Day7,R_Day7_S1N0_4
RD7S1N11,ATAACCTC,RS,RS S1N1,S1N1,Day7,R_Day7_S1N1_1
RD7S1N12,ATAGATCT,RS,RS S1N1,S1N1,Day7,R_Day7_S1N1_2
RD7S1N13,ATATTGAG,RS,RS S1N1,S1N1,Day7,R_Day7_S1N1_3
RD7S1N14,ATTAGAGG,RS,RS S1N1,S1N1,Day7,R_Day7_S1N1_4
RD14S0N01,CAGGACTT,RS,RS S0N0,S0N0,Day14,R_Day14_S0N0_1
RD14S0N02,CATCCTGG,RS,RS S0N0,S0N0,Day14,R_Day14_S0N0_2
RD14S0N03,CCAATTGC,RS,RS S0N0,S0N0,Day14,R_Day14_S0N0_3
RD14S0N04,CCGCTGCT,RS,RS S0N0,S0N0,Day14,R_Day14_S0N0_4
RD14S0N11,CGATATTG,RS,RS S0N1,S0N1,Day14,R_Day14_S0N1_1
RD14S0N12,CTCCGATC,RS,RS S0N1,S0N1,Day14,R_Day14_S0N1_2
RD14S0N13,CTCTCGGT,RS,RS S0N1,S0N1,Day14,R_Day14_S0N1_3
RD14S0N14,GCAAGGTT,RS,RS S0N1,S0N1,Day14,R_Day14_S0N1_4
RD14S1N01,GCGTATAT,RS,RS S1N0,S1N0,Day14,R_Day14_S1N0_1
RD14S1N02,GGAGTCGG,RS,RS S1N0,S1N0,Day14,R_Day14_S1N0_2
RD14S1N03,GGCCTTCC,RS,RS S1N0,S1N0,Day14,R_Day14_S1N0_3
RD14S1N04,GGTTAAGC,RS,RS S1N0,S1N0,Day14,R_Day14_S1N0_4
RD14S1N11,TCTAGATT,RS,RS S1N1,S1N1,Day14,R_Day14_S1N1_1
RD14S1N12,TATGAACG,RS,RS S1N1,S1N1,Day14,R_Day14_S1N1_2
RD14S1N13,TCCGGCGT,RS,RS S1N1,S1N1,Day14,R_Day14_S1N1_3
RD14S1N14,TCCTTAAC,RS,RS S1N1,S1N1,Day14,R_Day14_S1N1_4
RD30S0N01,TCTACTCT,RS,RS S0N0,S0N0,Day30,R_Day30_S0N0_1
RD30S0N02,TGAGCGAT,RS,RS S0N0,S0N0,Day30,R_Day30_S0N0_2
RD30S0N03,TTACCAAC,RS,RS S0N0,S0N0,Day30,R_Day30_S0N0_3
RD30S0N04,TTACTAGT,RS,RS S0N0,S0N0,Day30,R_Day30_S0N0_4
RD30S0N11,TTCATCCG,RS,RS S0N1,S0N1,Day30,R_Day30_S0N1_1
RD30S0N12,TTGCAGAC,RS,RS S0N1,S0N1,Day30,R_Day30_S0N1_2
RD30S0N13,TTGGCTTG,RS,RS S0N1,S0N1,Day30,R_Day30_S0N1_3
RD30S0N14,CCATCCTT,RS,RS S0N1,S0N1,Day30,R_Day30_S0N1_4
RD30S1N01,AACGTTAC,RS,RS S1N0,S1N0,Day30,R_Day30_S1N0_1
RD30S1N02,AATTGCCG,RS,RS S1N0,S1N0,Day30,R_Day30_S1N0_2
RD30S1N03,AGAGAACT,RS,RS S1N0,S1N0,Day30,R_Day30_S1N0_3
RD30S1N04,CAGCCGTT,RS,RS S1N0,S1N0,Day30,R_Day30_S1N0_4
RD30S1N11,CCAATCAG,RS,RS S1N1,S1N1,Day30,R_Day30_S1N1_1
RD30S1N12,CCTTAGGC,RS,RS S1N1,S1N1,Day30,R_Day30_S1N1_2
RD30S1N13,GGATCTTG,RS,RS S1N1,S1N1,Day30,R_Day30_S1N1_3
RD30S1N14,TCCGCGCG,RS,RS S1N1,S1N1,Day30,R_Day30_S1N1_4
RD60S0N01,TCTAGATT,RS,RS S0N0,S0N0,Day60,R_Day60_S0N0_1
RD60S0N02,TTACCAAC,RS,RS S0N0,S0N0,Day60,R_Day60_S0N0_2
RD60S0N03,TTCTTCTA,RS,RS S0N0,S0N0,Day60,R_Day60_S0N0_3
RD60S0N04,TTGAATGG,RS,RS S0N0,S0N0,Day60,R_Day60_S0N0_4
RD60S0N11,AACCGGAT,RS,RS S0N1,S0N1,Day60,R_Day60_S0N1_1
RD60S0N12,AACTACGG,RS,RS S0N1,S0N1,Day60,R_Day60_S0N1_2
RD60S0N13,AAGACGCG,RS,RS S0N1,S0N1,Day60,R_Day60_S0N1_3
RD60S0N14,AAGGTAGC,RS,RS S0N1,S0N1,Day60,R_Day60_S0N1_4
RD60S1N01,AATAATAC,RS,RS S1N0,S1N0,Day60,R_Day60_S1N0_1
RD60S1N02,AATCTCCA,RS,RS S1N0,S1N0,Day60,R_Day60_S1N0_2
RD60S1N03,AATTCATT,RS,RS S1N0,S1N0,Day60,R_Day60_S1N0_3
RD60S1N04,ACGCAATG,RS,RS S1N0,S1N0,Day60,R_Day60_S1N0_4
RD60S1N11,ACTGCCAG,RS,RS S1N1,S1N1,Day60,R_Day60_S1N1_1
RD60S1N12,ACTTGGCC,RS,RS S1N1,S1N1,Day60,R_Day60_S1N1_2
RD60S1N13,AGCGAGTC,RS,RS S1N1,S1N1,Day60,R_Day60_S1N1_3
RD60S1N14,AGGATCAT,RS,RS S1N1,S1N1,Day60,R_Day60_S1N1_4
BD0S0N01,AACCGGAT,BS,BS S0N0,S0N0,Day0,B_Day0_S0N0_1
BD0S0N02,AACTACGG,BS,BS S0N0,S0N0,Day0,B_Day0_S0N0_2
BD0S0N03,AAGACGCG,BS,BS S0N0,S0N0,Day0,B_Day0_S0N0_3
BD0S0N04,AAGGTAGC,BS,BS S0N0,S0N0,Day0,B_Day0_S0N0_4
