SampleID,compartment,treatment,Treatment1,time1,time,Description
RD7S0N01,RS,S0N0,S0N0,Day7,RS Day7,R_Day7_S0N0_1
RD7S0N02,RS,S0N0,S0N0,Day7,RS Day7,R_Day7_S0N0_2
RD7S0N03,RS,S0N0,S0N0,Day7,RS Day7,R_Day7_S0N0_3
RD7S0N04,RS,S0N0,S0N0,Day7,RS Day7,R_Day7_S0N0_4
RD7S0N11,RS,S0N1,S0N1,Day7,RS Day7,R_Day7_S0N1_1
RD7S0N12,RS,S0N1,S0N1,Day7,RS Day7,R_Day7_S0N1_2
RD7S0N13,RS,S0N1,S0N1,Day7,RS Day7,R_Day7_S0N1_3
RD7S0N14,RS,S0N1,S0N1,Day7,RS Day7,R_Day7_S0N1_4
RD7S1N01,RS,S1N0,S1N0,Day7,RS Day7,R_Day7_S1N0_1
RD7S1N02,RS,S1N0,S1N0,Day7,RS Day7,R_Day7_S1N0_2
RD7S1N03,RS,S1N0,S1N0,Day7,RS Day7,R_Day7_S1N0_3
RD7S1N04,RS,S1N0,S1N0,Day7,RS Day7,R_Day7_S1N0_4
RD7S1N11,RS,S1N1,S1N1,Day7,RS Day7,R_Day7_S1N1_1
RD7S1N12,RS,S1N1,S1N1,Day7,RS Day7,R_Day7_S1N1_2
RD7S1N13,RS,S1N1,S1N1,Day7,RS Day7,R_Day7_S1N1_3
RD7S1N14,RS,S1N1,S1N1,Day7,RS Day7,R_Day7_S1N1_4
RD14S0N01,RS,S0N0,S0N0,Day14,RS Day14,R_Day14_S0N0_1
RD14S0N02,RS,S0N0,S0N0,Day14,RS Day14,R_Day14_S0N0_2
RD14S0N03,RS,S0N0,S0N0,Day14,RS Day14,R_Day14_S0N0_3
RD14S0N04,RS,S0N0,S0N0,Day14,RS Day14,R_Day14_S0N0_4
RD14S0N11,RS,S0N1,S0N1,Day14,RS Day14,R_Day14_S0N1_1
RD14S0N12,RS,S0N1,S0N1,Day14,RS Day14,R_Day14_S0N1_2
RD14S0N13,RS,S0N1,S0N1,Day14,RS Day14,R_Day14_S0N1_3
RD14S0N14,RS,S0N1,S0N1,Day14,RS Day14,R_Day14_S0N1_4
RD14S1N01,RS,S1N0,S1N0,Day14,RS Day14,R_Day14_S1N0_1
RD14S1N02,RS,S1N0,S1N0,Day14,RS Day14,R_Day14_S1N0_2
RD14S1N03,RS,S1N0,S1N0,Day14,RS Day14,R_Day14_S1N0_3
RD14S1N04,RS,S1N0,S1N0,Day14,RS Day14,R_Day14_S1N0_4
RD14S1N11,RS,S1N1,S1N1,Day14,RS Day14,R_Day14_S1N1_1
RD14S1N12,RS,S1N1,S1N1,Day14,RS Day14,R_Day14_S1N1_2
RD14S1N13,RS,S1N1,S1N1,Day14,RS Day14,R_Day14_S1N1_3
RD14S1N14,RS,S1N1,S1N1,Day14,RS Day14,R_Day14_S1N1_4
RD30S0N01,RS,S0N0,S0N0,Day30,RS Day30,R_Day30_S0N0_1
RD30S0N02,RS,S0N0,S0N0,Day30,RS Day30,R_Day30_S0N0_2
RD30S0N03,RS,S0N0,S0N0,Day30,RS Day30,R_Day30_S0N0_3
RD30S0N04,RS,S0N0,S0N0,Day30,RS Day30,R_Day30_S0N0_4
RD30S0N11,RS,S0N1,S0N1,Day30,RS Day30,R_Day30_S0N1_1
RD30S0N12,RS,S0N1,S0N1,Day30,RS Day30,R_Day30_S0N1_2
RD30S0N13,RS,S0N1,S0N1,Day30,RS Day30,R_Day30_S0N1_3
RD30S0N14,RS,S0N1,S0N1,Day30,RS Day30,R_Day30_S0N1_4
RD30S1N01,RS,S1N0,S1N0,Day30,RS Day30,R_Day30_S1N0_1
RD30S1N02,RS,S1N0,S1N0,Day30,RS Day30,R_Day30_S1N0_2
RD30S1N03,RS,S1N0,S1N0,Day30,RS Day30,R_Day30_S1N0_3
RD30S1N04,RS,S1N0,S1N0,Day30,RS Day30,R_Day30_S1N0_4
RD30S1N11,RS,S1N1,S1N1,Day30,RS Day30,R_Day30_S1N1_1
RD30S1N12,RS,S1N1,S1N1,Day30,RS Day30,R_Day30_S1N1_2
RD30S1N13,RS,S1N1,S1N1,Day30,RS Day30,R_Day30_S1N1_3
RD30S1N14,RS,S1N1,S1N1,Day30,RS Day30,R_Day30_S1N1_4
RD60S0N01,RS,S0N0,S0N0,Day60,RS Day60,R_Day60_S0N0_1
RD60S0N02,RS,S0N0,S0N0,Day60,RS Day60,R_Day60_S0N0_2
RD60S0N03,RS,S0N0,S0N0,Day60,RS Day60,R_Day60_S0N0_3
RD60S0N04,RS,S0N0,S0N0,Day60,RS Day60,R_Day60_S0N0_4
RD60S0N11,RS,S0N1,S0N1,Day60,RS Day60,R_Day60_S0N1_1
RD60S0N12,RS,S0N1,S0N1,Day60,RS Day60,R_Day60_S0N1_2
RD60S0N13,RS,S0N1,S0N1,Day60,RS Day60,R_Day60_S0N1_3
RD60S0N14,RS,S0N1,S0N1,Day60,RS Day60,R_Day60_S0N1_4
RD60S1N01,RS,S1N0,S1N0,Day60,RS Day60,R_Day60_S1N0_1
RD60S1N02,RS,S1N0,S1N0,Day60,RS Day60,R_Day60_S1N0_2
RD60S1N03,RS,S1N0,S1N0,Day60,RS Day60,R_Day60_S1N0_3
RD60S1N04,RS,S1N0,S1N0,Day60,RS Day60,R_Day60_S1N0_4
RD60S1N11,RS,S1N1,S1N1,Day60,RS Day60,R_Day60_S1N1_1
RD60S1N12,RS,S1N1,S1N1,Day60,RS Day60,R_Day60_S1N1_2
RD60S1N13,RS,S1N1,S1N1,Day60,RS Day60,R_Day60_S1N1_3
RD60S1N14,RS,S1N1,S1N1,Day60,RS Day60,R_Day60_S1N1_4
